group,Date,group_index,weighting,start
AI-Exposed / Big Tech,2015-01-23,100.0,Equal-weighted,2015-01-01
AI-Exposed / Big Tech,2015-01-24,100.05834972780177,Equal-weighted,2015-01-01
AI-Exposed / Big Tech,2015-01-25,100.1196792014135,Equal-weighted,2015-01-01
AI-Exposed / Big Tech,2015-01-31,99.9808072360851,Equal-weighted,2015-01-01
AI-Exposed / Big Tech,2015-02-27,100.0,Equal-weighted,2015-01-01
AI-Exposed / Big Tech,2015-02-28,100.0,Equal-weighted,2015-01-01
AI-Exposed / Big Tech,2015-03-28,100.0,Equal-weighted,2015-01-01
AI-Exposed / Big Tech,2015-03-29,100.0628367634991,Equal-weighted,2015-01-01
AI-Exposed / Big Tech,2015-03-31,99.99834389767506,Equal-weighted,2015-01-01
AI-Exposed / Big Tech,2015-04-24,100.0,Equal-weighted,2015-01-01
AI-Exposed / Big Tech,2015-04-25,100.03317760617762,Equal-weighted,2015-01-01
AI-Exposed / Big Tech,2015-04-26,100.05269285065094,Equal-weighted,2015-01-01
AI-Exposed / Big Tech,2015-04-30,99.88280167544718,Equal-weighted,2015-01-01
AI-Exposed / Big Tech,2015-05-29,100.00218083353235,Equal-weighted,2015-01-01
AI-Exposed / Big Tech,2015-05-31,100.0401196059083,Equal-weighted,2015-01-01
AI-Exposed / Big Tech,2015-06-27,100.06103855008939,Equal-weighted,2015-01-01
AI-Exposed / Big Tech,2015-06-30,100.09300878699155,Equal-weighted,2015-01-01
AI-Exposed / Big Tech,2015-07-03,100.0,Equal-weighted,2015-01-01
AI-Exposed / Big Tech,2015-07-04,100.01710673168623,Equal-weighted,2015-01-01
AI-Exposed / Big Tech,2015-07-05,100.05909981015179,Equal-weighted,2015-01-01
AI-Exposed / Big Tech,2015-07-25,100.0,Equal-weighted,2015-01-01
AI-Exposed / Big Tech,2015-07-26,100.04526970227673,Equal-weighted,2015-01-01
AI-Exposed / Big Tech,2015-07-31,99.75213700976936,Equal-weighted,2015-01-01
AI-Exposed / Big Tech,2015-08-01,100.0,Equal-weighted,2015-01-01
AI-Exposed / Big Tech,2015-08-28,100.00612333115507,Equal-weighted,2015-01-01
AI-Exposed / Big Tech,2015-08-31,100.07938062390687,Equal-weighted,2015-01-01
AI-Exposed / Big Tech,2015-09-26,100.0643544947696,Equal-weighted,2015-01-01
AI-Exposed / Big Tech,2015-09-27,100.17636470870389,Equal-weighted,2015-01-01
AI-Exposed / Big Tech,2015-09-30,98.78781812784435,Equal-weighted,2015-01-01
AI-Exposed / Big Tech,2015-10-02,100.0,Equal-weighted,2015-01-01
AI-Exposed / Big Tech,2015-10-03,100.00990108058977,Equal-weighted,2015-01-01
AI-Exposed / Big Tech,2015-10-04,100.03439594821016,Equal-weighted,2015-01-01
AI-Exposed / Big Tech,2015-11-27,100.00791605989805,Equal-weighted,2015-01-01
AI-Exposed / Big Tech,2015-11-28,100.05630129924634,Equal-weighted,2015-01-01
AI-Exposed / Big Tech,2015-11-30,100.11443236670061,Equal-weighted,2015-01-01
AI-Exposed / Big Tech,2015-12-03,100.0,Equal-weighted,2015-01-01
AI-Exposed / Big Tech,2015-12-26,99.75725594937,Equal-weighted,2015-01-01
AI-Exposed / Big Tech,2015-12-27,99.8342523723622,Equal-weighted,2015-01-01
AI-Exposed / Big Tech,2015-12-31,98.54374523878919,Equal-weighted,2015-01-01
AI-Exposed / Big Tech,2016-01-23,100.24286351165054,Equal-weighted,2015-01-01
AI-Exposed / Big Tech,2016-01-29,100.34134817225642,Equal-weighted,2015-01-01
AI-Exposed / Big Tech,2016-01-30,100.39873033073812,Equal-weighted,2015-01-01
AI-Exposed / Big Tech,2016-01-31,99.22618298693037,Equal-weighted,2015-01-01
AI-Exposed / Big Tech,2016-02-29,100.15287636743972,Equal-weighted,2015-01-01
AI-Exposed / Big Tech,2016-03-03,100.0,Equal-weighted,2015-01-01
AI-Exposed / Big Tech,2016-03-04,100.01156148190029,Equal-weighted,2015-01-01
AI-Exposed / Big Tech,2016-03-26,98.72264972325469,Equal-weighted,2015-01-01
AI-Exposed / Big Tech,2016-03-31,99.92450187936447,Equal-weighted,2015-01-01
AI-Exposed / Big Tech,2016-04-02,100.0,Equal-weighted,2015-01-01
AI-Exposed / Big Tech,2016-04-03,100.0566392399567,Equal-weighted,2015-01-01
AI-Exposed / Big Tech,2016-05-01,99.99999999999999,Equal-weighted,2015-01-01
AI-Exposed / Big Tech,2016-05-31,100.21948822337335,Equal-weighted,2015-01-01
AI-Exposed / Big Tech,2016-06-02,100.0,Equal-weighted,2015-01-01
AI-Exposed / Big Tech,2016-06-03,100.01325675404587,Equal-weighted,2015-01-01
AI-Exposed / Big Tech,2016-06-25,98.7967116927769,Equal-weighted,2015-01-01
AI-Exposed / Big Tech,2016-06-30,99.95722060035558,Equal-weighted,2015-01-01
AI-Exposed / Big Tech,2016-07-01,100.08621428571428,Equal-weighted,2015-01-01
AI-Exposed / Big Tech,2016-07-02,100.24889859731454,Equal-weighted,2015-01-01
AI-Exposed / Big Tech,2016-07-03,100.07191270797685,Equal-weighted,2015-01-01
AI-Exposed / Big Tech,2016-07-29,100.0,Equal-weighted,2015-01-01
AI-Exposed / Big Tech,2016-07-30,100.02903505272282,Equal-weighted,2015-01-01
AI-Exposed / Big Tech,2016-07-31,99.49923561060828,Equal-weighted,2015-01-01
AI-Exposed / Big Tech,2016-08-31,100.12038954137796,Equal-weighted,2015-01-01
AI-Exposed / Big Tech,2016-09-02,100.01748816094954,Equal-weighted,2015-01-01
AI-Exposed / Big Tech,2016-09-24,98.86576102070624,Equal-weighted,2015-01-01
AI-Exposed / Big Tech,2016-09-30,99.98664614632217,Equal-weighted,2015-01-01
AI-Exposed / Big Tech,2016-10-28,100.0,Equal-weighted,2015-01-01
AI-Exposed / Big Tech,2016-10-29,100.03309409083835,Equal-weighted,2015-01-01
AI-Exposed / Big Tech,2016-10-30,99.875206282298,Equal-weighted,2015-01-01
AI-Exposed / Big Tech,2016-10-31,98.88890838011238,Equal-weighted,2015-01-01
AI-Exposed / Big Tech,2016-11-30,100.33321291572743,Equal-weighted,2015-01-01
AI-Exposed / Big Tech,2016-12-01,100.01195723994525,Equal-weighted,2015-01-01
AI-Exposed / Big Tech,2016-12-02,100.02278678870135,Equal-weighted,2015-01-01
AI-Exposed / Big Tech,2016-12-31,99.75459609391633,Equal-weighted,2015-01-01
AI-Exposed / Big Tech,2017-01-01,100.0,Equal-weighted,2015-01-01
AI-Exposed / Big Tech,2017-01-27,100.0,Equal-weighted,2015-01-01
AI-Exposed / Big Tech,2017-01-28,100.05278316559041,Equal-weighted,2015-01-01
AI-Exposed / Big Tech,2017-01-29,99.86487484194303,Equal-weighted,2015-01-01
AI-Exposed / Big Tech,2017-01-31,98.96482888952745,Equal-weighted,2015-01-01
AI-Exposed / Big Tech,2017-02-28,100.12969163620096,Equal-weighted,2015-01-01
AI-Exposed / Big Tech,2017-03-03,100.0323108657465,Equal-weighted,2015-01-01
AI-Exposed / Big Tech,2017-03-31,99.89737882312274,Equal-weighted,2015-01-01
AI-Exposed / Big Tech,2017-04-01,99.9149622455903,Equal-weighted,2015-01-01
AI-Exposed / Big Tech,2017-04-02,100.01567785015268,Equal-weighted,2015-01-01
AI-Exposed / Big Tech,2017-04-28,100.0,Equal-weighted,2015-01-01
AI-Exposed / Big Tech,2017-04-29,100.0343025062889,Equal-weighted,2015-01-01
AI-Exposed / Big Tech,2017-04-30,99.78028915587606,Equal-weighted,2015-01-01
AI-Exposed / Big Tech,2017-05-31,100.0363105769839,Equal-weighted,2015-01-01
AI-Exposed / Big Tech,2017-06-02,100.04097977114502,Equal-weighted,2015-01-01
AI-Exposed / Big Tech,2017-06-30,99.91467559311461,Equal-weighted,2015-01-01
AI-Exposed / Big Tech,2017-07-01,98.08413344112675,Equal-weighted,2015-01-01
AI-Exposed / Big Tech,2017-07-02,95.89441384194853,Equal-weighted,2015-01-01
AI-Exposed / Big Tech,2017-08-31,100.03288250775697,Equal-weighted,2015-01-01
AI-Exposed / Big Tech,2017-09-01,100.04747677701259,Equal-weighted,2015-01-01
AI-Exposed / Big Tech,2017-09-30,99.80545678443953,Equal-weighted,2015-01-01
AI-Exposed / Big Tech,2017-10-01,100.00308645288604,Equal-weighted,2015-01-01
AI-Exposed / Big Tech,2017-10-27,100.12249754106746,Equal-weighted,2015-01-01
AI-Exposed / Big Tech,2017-10-28,100.1927674833243,Equal-weighted,2015-01-01
AI-Exposed / Big Tech,2017-10-29,100.25714111353187,Equal-weighted,2015-01-01
AI-Exposed / Big Tech,2017-10-31,98.17082099131322,Equal-weighted,2015-01-01
AI-Exposed / Big Tech,2017-11-30,100.45090398089273,Equal-weighted,2015-01-01
AI-Exposed / Big Tech,2017-12-01,100.0484318109087,Equal-weighted,2015-01-01
AI-Exposed / Big Tech,2017-12-30,99.15728235786118,Equal-weighted,2015-01-01
AI-Exposed / Big Tech,2017-12-31,99.90757963339347,Equal-weighted,2015-01-01
AI-Exposed / Big Tech,2018-01-26,100.0,Equal-weighted,2015-01-01
AI-Exposed / Big Tech,2018-01-27,100.05001587301588,Equal-weighted,2015-01-01
AI-Exposed / Big Tech,2018-01-28,100.13781557880584,Equal-weighted,2015-01-01
AI-Exposed / Big Tech,2018-01-31,98.33183741225027,Equal-weighted,2015-01-01
AI-Exposed / Big Tech,2018-02-03,100.09766647890612,Equal-weighted,2015-01-01
AI-Exposed / Big Tech,2018-02-28,100.47451371728738,Equal-weighted,2015-01-01
AI-Exposed / Big Tech,2018-03-02,100.05128428216568,Equal-weighted,2015-01-01
AI-Exposed / Big Tech,2018-03-25,100.0,Equal-weighted,2015-01-01
AI-Exposed / Big Tech,2018-03-30,100.073,Equal-weighted,2015-01-01
AI-Exposed / Big Tech,2018-03-31,99.60848533267203,Equal-weighted,2015-01-01
AI-Exposed / Big Tech,2018-04-01,100.0252248411124,Equal-weighted,2015-01-01
AI-Exposed / Big Tech,2018-05-31,100.10967263877335,Equal-weighted,2015-01-01
AI-Exposed / Big Tech,2018-06-01,100.05548148864091,Equal-weighted,2015-01-01
AI-Exposed / Big Tech,2018-06-30,99.81965090806848,Equal-weighted,2015-01-01
AI-Exposed / Big Tech,2018-07-27,96.14699302535038,Equal-weighted,2015-01-01
AI-Exposed / Big Tech,2018-07-28,96.20929581789528,Equal-weighted,2015-01-01
AI-Exposed / Big Tech,2018-07-29,96.22185926243289,Equal-weighted,2015-01-01
AI-Exposed / Big Tech,2018-07-31,92.82648769622638,Equal-weighted,2015-01-01
AI-Exposed / Big Tech,2018-08-31,100.29172032002074,Equal-weighted,2015-01-01
AI-Exposed / Big Tech,2018-09-28,96.45177731210835,Equal-weighted,2015-01-01
AI-Exposed / Big Tech,2018-09-29,96.8731982272459,Equal-weighted,2015-01-01
AI-Exposed / Big Tech,2018-09-30,83.98193925961688,Equal-weighted,2015-01-01
AI-Exposed / Big Tech,2018-10-26,100.10255401862885,Equal-weighted,2015-01-01
AI-Exposed / Big Tech,2018-10-27,100.20775310356152,Equal-weighted,2015-01-01
AI-Exposed / Big Tech,2018-10-28,100.21554633072962,Equal-weighted,2015-01-01
AI-Exposed / Big Tech,2018-10-31,95.78670007342339,Equal-weighted,2015-01-01
AI-Exposed / Big Tech,2018-11-29,90.93907858081633,Equal-weighted,2015-01-01
AI-Exposed / Big Tech,2018-11-30,95.64380803034942,Equal-weighted,2015-01-01
AI-Exposed / Big Tech,2018-12-29,99.44886256034243,Equal-weighted,2015-01-01
AI-Exposed / Big Tech,2018-12-31,99.94681420074481,Equal-weighted,2015-01-01
AI-Exposed / Big Tech,2019-01-25,100.09674399347774,Equal-weighted,2015-01-01
AI-Exposed / Big Tech,2019-01-26,100.21094779199228,Equal-weighted,2015-01-01
AI-Exposed / Big Tech,2019-01-27,100.22610848164551,Equal-weighted,2015-01-01
AI-Exposed / Big Tech,2019-01-31,95.99689955392112,Equal-weighted,2015-01-01
AI-Exposed / Big Tech,2019-02-28,96.64416987632443,Equal-weighted,2015-01-01
AI-Exposed / Big Tech,2019-03-01,100.08355580319378,Equal-weighted,2015-01-01
AI-Exposed / Big Tech,2019-03-30,99.88615673702674,Equal-weighted,2015-01-01
AI-Exposed / Big Tech,2019-03-31,99.96076231498155,Equal-weighted,2015-01-01
AI-Exposed / Big Tech,2019-04-26,100.19035016835016,Equal-weighted,2015-01-01
AI-Exposed / Big Tech,2019-04-27,100.30312760346865,Equal-weighted,2015-01-01
AI-Exposed / Big Tech,2019-04-28,100.32373373722719,Equal-weighted,2015-01-01
AI-Exposed / Big Tech,2019-04-30,98.16034111287827,Equal-weighted,2015-01-01
AI-Exposed / Big Tech,2019-05-30,100.07583476379354,Equal-weighted,2015-01-01
AI-Exposed / Big Tech,2019-05-31,100.2404557945375,Equal-weighted,2015-01-01
AI-Exposed / Big Tech,2019-06-29,99.61659395477533,Equal-weighted,2015-01-01
AI-Exposed / Big Tech,2019-06-30,99.8853959796975,Equal-weighted,2015-01-01
AI-Exposed / Big Tech,2019-07-26,100.12465427509294,Equal-weighted,2015-01-01
AI-Exposed / Big Tech,2019-07-27,100.29152524975248,Equal-weighted,2015-01-01
AI-Exposed / Big Tech,2019-07-28,100.28498668165412,Equal-weighted,2015-01-01
AI-Exposed / Big Tech,2019-07-31,98.7374480872869,Equal-weighted,2015-01-01
AI-Exposed / Big Tech,2019-08-30,100.10793150225456,Equal-weighted,2015-01-01
AI-Exposed / Big Tech,2019-08-31,100.61748086268256,Equal-weighted,2015-01-01
AI-Exposed / Big Tech,2019-09-28,99.69777380243268,Equal-weighted,2015-01-01
AI-Exposed / Big Tech,2019-09-30,99.82689531717433,Equal-weighted,2015-01-01
AI-Exposed / Big Tech,2019-10-25,95.8169057933112,Equal-weighted,2015-01-01
AI-Exposed / Big Tech,2019-10-26,97.6263195852901,Equal-weighted,2015-01-01
AI-Exposed / Big Tech,2019-10-27,95.92912666602493,Equal-weighted,2015-01-01
AI-Exposed / Big Tech,2019-10-31,95.52828085366386,Equal-weighted,2015-01-01
AI-Exposed / Big Tech,2019-11-28,100.03833049403745,Equal-weighted,2015-01-01
AI-Exposed / Big Tech,2019-11-29,100.11648297687945,Equal-weighted,2015-01-01
AI-Exposed / Big Tech,2019-11-30,100.27449020493248,Equal-weighted,2015-01-01
AI-Exposed / Big Tech,2019-12-28,100.02223723373103,Equal-weighted,2015-01-01
AI-Exposed / Big Tech,2019-12-29,100.18873625804534,Equal-weighted,2015-01-01
AI-Exposed / Big Tech,2019-12-31,98.56169429680342,Equal-weighted,2015-01-01
AI-Exposed / Big Tech,2020-01-24,99.91158418178901,Equal-weighted,2015-01-01
AI-Exposed / Big Tech,2020-01-25,99.99489447488551,Equal-weighted,2015-01-01
AI-Exposed / Big Tech,2020-01-26,99.99950195667917,Equal-weighted,2015-01-01
AI-Exposed / Big Tech,2020-01-31,99.149146686101,Equal-weighted,2015-01-01
AI-Exposed / Big Tech,2020-02-27,97.20647219571993,Equal-weighted,2015-01-01
AI-Exposed / Big Tech,2020-02-28,100.12864287359729,Equal-weighted,2015-01-01
AI-Exposed / Big Tech,2020-02-29,98.38585534522038,Equal-weighted,2015-01-01
AI-Exposed / Big Tech,2020-03-28,100.05278276864031,Equal-weighted,2015-01-01
AI-Exposed / Big Tech,2020-03-29,100.21740418892979,Equal-weighted,2015-01-01
AI-Exposed / Big Tech,2020-03-31,96.80430639911849,Equal-weighted,2015-01-01
AI-Exposed / Big Tech,2020-04-24,93.61125860919371,Equal-weighted,2015-01-01
AI-Exposed / Big Tech,2020-04-25,93.67861948983663,Equal-weighted,2015-01-01
AI-Exposed / Big Tech,2020-04-26,93.67136852136703,Equal-weighted,2015-01-01
AI-Exposed / Big Tech,2020-04-30,90.73858396949936,Equal-weighted,2015-01-01
AI-Exposed / Big Tech,2020-05-28,99.965696702339,Equal-weighted,2015-01-01
AI-Exposed / Big Tech,2020-05-29,100.14288881872157,Equal-weighted,2015-01-01
AI-Exposed / Big Tech,2020-05-31,100.23445980468834,Equal-weighted,2015-01-01
AI-Exposed / Big Tech,2020-06-27,99.53783074073684,Equal-weighted,2015-01-01
AI-Exposed / Big Tech,2020-06-28,99.17750709311025,Equal-weighted,2015-01-01
AI-Exposed / Big Tech,2020-06-30,97.87357713571987,Equal-weighted,2015-01-01
AI-Exposed / Big Tech,2020-07-03,99.6879260132604,Equal-weighted,2015-01-01
AI-Exposed / Big Tech,2020-07-10,99.6879260132604,Equal-weighted,2015-01-01
AI-Exposed / Big Tech,2020-07-25,100.0,Equal-weighted,2015-01-01
AI-Exposed / Big Tech,2020-07-26,99.98576623376623,Equal-weighted,2015-01-01
AI-Exposed / Big Tech,2020-07-31,99.37460698690639,Equal-weighted,2015-01-01
AI-Exposed / Big Tech,2020-08-01,100.0,Equal-weighted,2015-01-01
AI-Exposed / Big Tech,2020-08-28,100.15512623894384,Equal-weighted,2015-01-01
AI-Exposed / Big Tech,2020-08-31,100.68639162038251,Equal-weighted,2015-01-01
AI-Exposed / Big Tech,2020-09-26,99.96416513388269,Equal-weighted,2015-01-01
AI-Exposed / Big Tech,2020-09-30,99.17097734547269,Equal-weighted,2015-01-01
AI-Exposed / Big Tech,2020-10-02,95.46401804228478,Equal-weighted,2015-01-01
AI-Exposed / Big Tech,2020-10-31,96.35542881936554,Equal-weighted,2015-01-01
AI-Exposed / Big Tech,2020-11-27,100.17548297191924,Equal-weighted,2015-01-01
AI-Exposed / Big Tech,2020-11-30,100.23479827243493,Equal-weighted,2015-01-01
AI-Exposed / Big Tech,2020-12-26,100.09733945887803,Equal-weighted,2015-01-01
AI-Exposed / Big Tech,2020-12-31,99.16672992341928,Equal-weighted,2015-01-01
AI-Exposed / Big Tech,2021-01-01,100.2619983031583,Equal-weighted,2015-01-01
AI-Exposed / Big Tech,2021-01-02,100.23499069847603,Equal-weighted,2015-01-01
AI-Exposed / Big Tech,2021-01-23,100.0,Equal-weighted,2015-01-01
AI-Exposed / Big Tech,2021-01-29,100.03773362445415,Equal-weighted,2015-01-01
AI-Exposed / Big Tech,2021-01-30,100.08427224213243,Equal-weighted,2015-01-01
AI-Exposed / Big Tech,2021-01-31,98.15359704072557,Equal-weighted,2015-01-01
AI-Exposed / Big Tech,2021-02-28,100.72036227444437,Equal-weighted,2015-01-01
AI-Exposed / Big Tech,2021-03-04,92.18904699164497,Equal-weighted,2015-01-01
AI-Exposed / Big Tech,2021-03-05,100.18574685337128,Equal-weighted,2015-01-01
AI-Exposed / Big Tech,2021-03-27,100.14352491318024,Equal-weighted,2015-01-01
AI-Exposed / Big Tech,2021-03-31,99.129137955404,Equal-weighted,2015-01-01
AI-Exposed / Big Tech,2021-04-02,100.31885295095873,Equal-weighted,2015-01-01
AI-Exposed / Big Tech,2021-04-03,98.52218160238498,Equal-weighted,2015-01-01
AI-Exposed / Big Tech,2021-04-04,96.73975667852565,Equal-weighted,2015-01-01
AI-Exposed / Big Tech,2021-04-30,96.28545078014153,Equal-weighted,2015-01-01
AI-Exposed / Big Tech,2021-05-31,100.73268880417359,Equal-weighted,2015-01-01
AI-Exposed / Big Tech,2021-06-03,99.67379840638517,Equal-weighted,2015-01-01
AI-Exposed / Big Tech,2021-06-04,100.30486893528212,Equal-weighted,2015-01-01
AI-Exposed / Big Tech,2021-06-26,100.18617903886398,Equal-weighted,2015-01-01
AI-Exposed / Big Tech,2021-06-27,98.39346035906128,Equal-weighted,2015-01-01
AI-Exposed / Big Tech,2021-06-30,99.10411475283222,Equal-weighted,2015-01-01
AI-Exposed / Big Tech,2021-07-02,100.23949188253323,Equal-weighted,2015-01-01
AI-Exposed / Big Tech,2021-07-03,100.21894163386045,Equal-weighted,2015-01-01
AI-Exposed / Big Tech,2021-07-04,100.19999646496106,Equal-weighted,2015-01-01
AI-Exposed / Big Tech,2021-07-30,100.00495459395569,Equal-weighted,2015-01-01
AI-Exposed / Big Tech,2021-07-31,94.52116844918893,Equal-weighted,2015-01-01
AI-Exposed / Big Tech,2021-08-01,99.96387448593083,Equal-weighted,2015-01-01
AI-Exposed / Big Tech,2021-08-31,87.65608271870605,Equal-weighted,2015-01-01
AI-Exposed / Big Tech,2021-09-02,100.19979814002907,Equal-weighted,2015-01-01
AI-Exposed / Big Tech,2021-09-03,100.31314150179226,Equal-weighted,2015-01-01
AI-Exposed / Big Tech,2021-09-25,100.21398117081311,Equal-weighted,2015-01-01
AI-Exposed / Big Tech,2021-09-26,100.28721856747516,Equal-weighted,2015-01-01
AI-Exposed / Big Tech,2021-09-30,93.47088329974768,Equal-weighted,2015-01-01
AI-Exposed / Big Tech,2021-10-02,98.26850809869589,Equal-weighted,2015-01-01
AI-Exposed / Big Tech,2021-10-03,98.30989881522574,Equal-weighted,2015-01-01
AI-Exposed / Big Tech,2021-10-29,98.31833740570947,Equal-weighted,2015-01-01
AI-Exposed / Big Tech,2021-10-30,98.23014206711383,Equal-weighted,2015-01-01
AI-Exposed / Big Tech,2021-10-31,95.28021279625912,Equal-weighted,2015-01-01
AI-Exposed / Big Tech,2021-11-30,95.07371083928876,Equal-weighted,2015-01-01
AI-Exposed / Big Tech,2021-12-03,100.3152226873006,Equal-weighted,2015-01-01
AI-Exposed / Big Tech,2021-12-25,87.9473276851861,Equal-weighted,2015-01-01
AI-Exposed / Big Tech,2021-12-31,99.0603938602362,Equal-weighted,2015-01-01
AI-Exposed / Big Tech,2022-01-01,100.00624111314363,Equal-weighted,2015-01-01
AI-Exposed / Big Tech,2022-01-02,100.00609815692661,Equal-weighted,2015-01-01
AI-Exposed / Big Tech,2022-01-28,100.08795937336707,Equal-weighted,2015-01-01
AI-Exposed / Big Tech,2022-01-29,99.99679545587162,Equal-weighted,2015-01-01
AI-Exposed / Big Tech,2022-01-30,99.86643017019625,Equal-weighted,2015-01-01
AI-Exposed / Big Tech,2022-01-31,97.44153785485217,Equal-weighted,2015-01-01
AI-Exposed / Big Tech,2022-02-06,93.10537905319202,Equal-weighted,2015-01-01
AI-Exposed / Big Tech,2022-02-28,99.12260540508343,Equal-weighted,2015-01-01
AI-Exposed / Big Tech,2022-03-04,100.33183804509562,Equal-weighted,2015-01-01
AI-Exposed / Big Tech,2022-03-26,87.97904260243087,Equal-weighted,2015-01-01
AI-Exposed / Big Tech,2022-03-31,99.07818115908873,Equal-weighted,2015-01-01
AI-Exposed / Big Tech,2022-04-02,99.92360652529838,Equal-weighted,2015-01-01
AI-Exposed / Big Tech,2022-04-03,100.01385840980383,Equal-weighted,2015-01-01
AI-Exposed / Big Tech,2022-04-29,94.1722053277323,Equal-weighted,2015-01-01
AI-Exposed / Big Tech,2022-04-30,92.57304103305981,Equal-weighted,2015-01-01
AI-Exposed / Big Tech,2022-05-31,100.79488012353846,Equal-weighted,2015-01-01
AI-Exposed / Big Tech,2022-06-03,100.34852525308648,Equal-weighted,2015-01-01
AI-Exposed / Big Tech,2022-06-25,88.0115580567819,Equal-weighted,2015-01-01
AI-Exposed / Big Tech,2022-06-30,87.34046571508674,Equal-weighted,2015-01-01
AI-Exposed / Big Tech,2022-08-07,96.50628879391272,Equal-weighted,2015-01-01
AI-Exposed / Big Tech,2022-08-31,96.28593147045393,Equal-weighted,2015-01-01
AI-Exposed / Big Tech,2022-09-02,100.37356022820161,Equal-weighted,2015-01-01
AI-Exposed / Big Tech,2022-09-24,93.86455626837349,Equal-weighted,2015-01-01
AI-Exposed / Big Tech,2022-09-25,99.71933035825603,Equal-weighted,2015-01-01
AI-Exposed / Big Tech,2022-09-30,96.38976900426469,Equal-weighted,2015-01-01
AI-Exposed / Big Tech,2022-11-30,100.83794057094391,Equal-weighted,2015-01-01
AI-Exposed / Big Tech,2022-12-01,100.0,Equal-weighted,2015-01-01
AI-Exposed / Big Tech,2022-12-02,100.40694852266421,Equal-weighted,2015-01-01
AI-Exposed / Big Tech,2022-12-31,95.75654757836782,Equal-weighted,2015-01-01
AI-Exposed / Big Tech,2023-02-28,95.14313279732967,Equal-weighted,2015-01-01
AI-Exposed / Big Tech,2023-03-03,100.4386559800924,Equal-weighted,2015-01-01
AI-Exposed / Big Tech,2023-03-31,96.71265727810021,Equal-weighted,2015-01-01
AI-Exposed / Big Tech,2023-04-01,88.11552692644683,Equal-weighted,2015-01-01
AI-Exposed / Big Tech,2023-05-07,96.24731474726988,Equal-weighted,2015-01-01
AI-Exposed / Big Tech,2023-05-31,100.42574804138388,Equal-weighted,2015-01-01
AI-Exposed / Big Tech,2023-06-02,100.46838412351147,Equal-weighted,2015-01-01
AI-Exposed / Big Tech,2023-06-25,100.0,Equal-weighted,2015-01-01
AI-Exposed / Big Tech,2023-06-30,99.01184554263281,Equal-weighted,2015-01-01
AI-Exposed / Big Tech,2023-07-01,96.48160217580487,Equal-weighted,2015-01-01
AI-Exposed / Big Tech,2023-07-02,98.61302530146156,Equal-weighted,2015-01-01
AI-Exposed / Big Tech,2023-07-28,100.26163572973833,Equal-weighted,2015-01-01
AI-Exposed / Big Tech,2023-07-29,100.30861248107372,Equal-weighted,2015-01-01
AI-Exposed / Big Tech,2023-07-30,100.31548295365285,Equal-weighted,2015-01-01
AI-Exposed / Big Tech,2023-07-31,100.16287161303634,Equal-weighted,2015-01-01
AI-Exposed / Big Tech,2023-08-31,100.25472769958805,Equal-weighted,2015-01-01
AI-Exposed / Big Tech,2023-09-01,100.48980595381501,Equal-weighted,2015-01-01
AI-Exposed / Big Tech,2023-09-30,95.73025672983772,Equal-weighted,2015-01-01
AI-Exposed / Big Tech,2023-10-27,93.58020971636579,Equal-weighted,2015-01-01
AI-Exposed / Big Tech,2023-10-28,95.67060748103022,Equal-weighted,2015-01-01
AI-Exposed / Big Tech,2023-10-29,93.61685051869037,Equal-weighted,2015-01-01
AI-Exposed / Big Tech,2023-10-31,93.47493356162649,Equal-weighted,2015-01-01
AI-Exposed / Big Tech,2023-11-30,100.22368568223935,Equal-weighted,2015-01-01
AI-Exposed / Big Tech,2023-12-01,100.50277238038969,Equal-weighted,2015-01-01
AI-Exposed / Big Tech,2023-12-24,93.12915508818595,Equal-weighted,2015-01-01
AI-Exposed / Big Tech,2023-12-29,93.14632521105125,Equal-weighted,2015-01-01
AI-Exposed / Big Tech,2023-12-30,91.89424134384483,Equal-weighted,2015-01-01
AI-Exposed / Big Tech,2023-12-31,91.70162484349201,Equal-weighted,2015-01-01
AI-Exposed / Big Tech,2024-01-26,100.9740204849034,Equal-weighted,2015-01-01
AI-Exposed / Big Tech,2024-01-27,101.01486148327642,Equal-weighted,2015-01-01
AI-Exposed / Big Tech,2024-01-28,101.00792869100668,Equal-weighted,2015-01-01
AI-Exposed / Big Tech,2024-01-31,100.87264689854452,Equal-weighted,2015-01-01
AI-Exposed / Big Tech,2024-02-29,100.74454143557173,Equal-weighted,2015-01-01
AI-Exposed / Big Tech,2024-03-01,100.51151175190103,Equal-weighted,2015-01-01
AI-Exposed / Big Tech,2024-03-30,88.22706100332672,Equal-weighted,2015-01-01
AI-Exposed / Big Tech,2024-03-31,97.94832236069848,Equal-weighted,2015-01-01
AI-Exposed / Big Tech,2024-05-04,98.33862699733389,Equal-weighted,2015-01-01
AI-Exposed / Big Tech,2024-05-05,98.38674039640404,Equal-weighted,2015-01-01
AI-Exposed / Big Tech,2024-05-31,100.64832574396372,Equal-weighted,2015-01-01
AI-Exposed / Big Tech,2024-06-23,100.05471676314602,Equal-weighted,2015-01-01
AI-Exposed / Big Tech,2024-06-28,100.01406167992403,Equal-weighted,2015-01-01
AI-Exposed / Big Tech,2024-06-29,91.13836544094332,Equal-weighted,2015-01-01
AI-Exposed / Big Tech,2024-06-30,98.03526881999663,Equal-weighted,2015-01-01
AI-Exposed / Big Tech,2024-07-26,97.2727385027298,Equal-weighted,2015-01-01
AI-Exposed / Big Tech,2024-07-27,97.31721477852314,Equal-weighted,2015-01-01
AI-Exposed / Big Tech,2024-07-28,97.32289946819174,Equal-weighted,2015-01-01
AI-Exposed / Big Tech,2024-07-31,97.21798188086251,Equal-weighted,2015-01-01
AI-Exposed / Big Tech,2024-08-30,100.55312202260028,Equal-weighted,2015-01-01
AI-Exposed / Big Tech,2024-08-31,100.79097569811435,Equal-weighted,2015-01-01
AI-Exposed / Big Tech,2024-09-27,99.85100389443906,Equal-weighted,2015-01-01
AI-Exposed / Big Tech,2024-09-28,97.5451423587651,Equal-weighted,2015-01-01
AI-Exposed / Big Tech,2024-09-29,99.89743973278308,Equal-weighted,2015-01-01
AI-Exposed / Big Tech,2024-09-30,98.28633123574878,Equal-weighted,2015-01-01
AI-Exposed / Big Tech,2024-10-25,100.0057061576597,Equal-weighted,2015-01-01
AI-Exposed / Big Tech,2024-10-26,100.05281503597284,Equal-weighted,2015-01-01
AI-Exposed / Big Tech,2024-10-27,100.05947452566652,Equal-weighted,2015-01-01
AI-Exposed / Big Tech,2024-10-31,99.85023274470167,Equal-weighted,2015-01-01
AI-Exposed / Big Tech,2024-11-02,99.92715561465064,Equal-weighted,2015-01-01
AI-Exposed / Big Tech,2024-11-03,99.82689591737244,Equal-weighted,2015-01-01
AI-Exposed / Big Tech,2024-11-29,100.58598251999328,Equal-weighted,2015-01-01
AI-Exposed / Big Tech,2024-11-30,100.81043015600416,Equal-weighted,2015-01-01
AI-Exposed / Big Tech,2024-12-28,88.31072693946159,Equal-weighted,2015-01-01
AI-Exposed / Big Tech,2024-12-31,95.20167646289424,Equal-weighted,2015-01-01
AI-Exposed / Big Tech,2025-01-25,91.59648950625777,Equal-weighted,2015-01-01
AI-Exposed / Big Tech,2025-02-01,81.14945067429069,Equal-weighted,2015-01-01
AI-Exposed / Big Tech,2025-02-02,81.11583116996705,Equal-weighted,2015-01-01
AI-Exposed / Big Tech,2025-02-28,100.72817046649836,Equal-weighted,2015-01-01
AI-Exposed / Big Tech,2025-03-28,96.26552040131291,Equal-weighted,2015-01-01
AI-Exposed / Big Tech,2025-03-29,94.68042654623565,Equal-weighted,2015-01-01
AI-Exposed / Big Tech,2025-03-30,96.32883777482796,Equal-weighted,2015-01-01
AI-Exposed / Big Tech,2025-03-31,92.79360131351939,Equal-weighted,2015-01-01
AI-Exposed / Big Tech,2025-05-30,100.67477321431919,Equal-weighted,2015-01-01
AI-Exposed / Big Tech,2025-05-31,100.85697294021459,Equal-weighted,2015-01-01
AI-Exposed / Big Tech,2025-06-28,79.26377292067336,Equal-weighted,2015-01-01
AI-Exposed / Big Tech,2025-06-29,74.68944219292317,Equal-weighted,2015-01-01
AI-Exposed / Big Tech,2025-06-30,94.14164481690845,Equal-weighted,2015-01-01
AI-Exposed / Big Tech,2025-07-25,97.19092898290592,Equal-weighted,2015-01-01
AI-Exposed / Big Tech,2025-07-26,97.22750264004783,Equal-weighted,2015-01-01
AI-Exposed / Big Tech,2025-07-27,97.23986737396373,Equal-weighted,2015-01-01
AI-Exposed / Big Tech,2025-07-31,97.23703775366629,Equal-weighted,2015-01-01
AI-Exposed / Big Tech,2025-08-02,98.14709873169227,Equal-weighted,2015-01-01
AI-Exposed / Big Tech,2025-08-03,99.84106465760189,Equal-weighted,2015-01-01
AI-Exposed / Big Tech,2025-08-29,100.72870612854115,Equal-weighted,2015-01-01
AI-Exposed / Big Tech,2025-08-31,100.8857355242269,Equal-weighted,2015-01-01
Non-AI / Control Group,2015-01-02,99.97274409491672,Equal-weighted,2015-01-01
Non-AI / Control Group,2015-01-03,99.88887051032047,Equal-weighted,2015-01-01
Non-AI / Control Group,2015-01-31,100.0,Equal-weighted,2015-01-01
Non-AI / Control Group,2015-02-28,100.0143524590164,Equal-weighted,2015-01-01
Non-AI / Control Group,2015-03-05,100.0,Equal-weighted,2015-01-01
Non-AI / Control Group,2015-03-28,100.03433584131328,Equal-weighted,2015-01-01
Non-AI / Control Group,2015-03-29,100.12395976926449,Equal-weighted,2015-01-01
Non-AI / Control Group,2015-03-31,98.08662062247298,Equal-weighted,2015-01-01
Non-AI / Control Group,2015-04-03,99.97187986507525,Equal-weighted,2015-01-01
Non-AI / Control Group,2015-04-04,99.94207826483475,Equal-weighted,2015-01-01
Non-AI / Control Group,2015-04-05,100.01305944644173,Equal-weighted,2015-01-01
Non-AI / Control Group,2015-04-30,99.95002372844789,Equal-weighted,2015-01-01
Non-AI / Control Group,2015-05-02,100.0,Equal-weighted,2015-01-01
Non-AI / Control Group,2015-05-30,100.0,Equal-weighted,2015-01-01
Non-AI / Control Group,2015-05-31,100.03476707530646,Equal-weighted,2015-01-01
Non-AI / Control Group,2015-06-04,100.0,Equal-weighted,2015-01-01
Non-AI / Control Group,2015-06-27,100.02392413299499,Equal-weighted,2015-01-01
Non-AI / Control Group,2015-06-28,100.09159853463505,Equal-weighted,2015-01-01
Non-AI / Control Group,2015-06-30,98.2667751289747,Equal-weighted,2015-01-01
Non-AI / Control Group,2015-07-05,100.0,Equal-weighted,2015-01-01
Non-AI / Control Group,2015-07-31,99.89306823829689,Equal-weighted,2015-01-01
Non-AI / Control Group,2015-08-01,100.0,Equal-weighted,2015-01-01
Non-AI / Control Group,2015-09-03,100.0,Equal-weighted,2015-01-01
Non-AI / Control Group,2015-09-26,100.0,Equal-weighted,2015-01-01
Non-AI / Control Group,2015-09-27,100.05764527710873,Equal-weighted,2015-01-01
Non-AI / Control Group,2015-09-30,100.11174831167368,Equal-weighted,2015-01-01
Non-AI / Control Group,2015-10-24,100.0,Equal-weighted,2015-01-01
Non-AI / Control Group,2015-10-25,100.00045519713261,Equal-weighted,2015-01-01
Non-AI / Control Group,2015-10-30,100.10404699994675,Equal-weighted,2015-01-01
Non-AI / Control Group,2015-10-31,99.33862777277193,Equal-weighted,2015-01-01
Non-AI / Control Group,2015-12-31,99.96213847493615,Equal-weighted,2015-01-01
Non-AI / Control Group,2016-01-01,100.0,Equal-weighted,2015-01-01
Non-AI / Control Group,2016-01-02,100.01209887185269,Equal-weighted,2015-01-01
Non-AI / Control Group,2016-01-30,100.0,Equal-weighted,2015-01-01
Non-AI / Control Group,2016-01-31,99.69803740671564,Equal-weighted,2015-01-01
Non-AI / Control Group,2016-02-29,100.06701842646598,Equal-weighted,2015-01-01
Non-AI / Control Group,2016-03-26,100.0,Equal-weighted,2015-01-01
Non-AI / Control Group,2016-03-27,100.07424884993486,Equal-weighted,2015-01-01
Non-AI / Control Group,2016-03-31,99.2388315510135,Equal-weighted,2015-01-01
Non-AI / Control Group,2016-04-01,100.1659696969697,Equal-weighted,2015-01-01
Non-AI / Control Group,2016-04-02,100.21545887635159,Equal-weighted,2015-01-01
Non-AI / Control Group,2016-04-03,100.01153896243162,Equal-weighted,2015-01-01
Non-AI / Control Group,2016-04-29,100.11571428571428,Equal-weighted,2015-01-01
Non-AI / Control Group,2016-04-30,98.27563130798397,Equal-weighted,2015-01-01
Non-AI / Control Group,2016-06-25,99.94473007712082,Equal-weighted,2015-01-01
Non-AI / Control Group,2016-06-26,99.7234471995613,Equal-weighted,2015-01-01
Non-AI / Control Group,2016-06-30,99.42237642002782,Equal-weighted,2015-01-01
Non-AI / Control Group,2016-07-02,98.8702074478523,Equal-weighted,2015-01-01
Non-AI / Control Group,2016-07-03,98.95331780502838,Equal-weighted,2015-01-01
Non-AI / Control Group,2016-07-31,99.59925355383481,Equal-weighted,2015-01-01
Non-AI / Control Group,2016-09-01,100.0,Equal-weighted,2015-01-01
Non-AI / Control Group,2016-09-24,99.96178343949045,Equal-weighted,2015-01-01
Non-AI / Control Group,2016-09-25,100.04524549155536,Equal-weighted,2015-01-01
Non-AI / Control Group,2016-09-30,98.11703437889653,Equal-weighted,2015-01-01
Non-AI / Control Group,2016-10-01,100.00405895304257,Equal-weighted,2015-01-01
Non-AI / Control Group,2016-10-02,99.95984233310148,Equal-weighted,2015-01-01
Non-AI / Control Group,2016-10-26,99.69382629425407,Equal-weighted,2015-01-01
Non-AI / Control Group,2016-10-29,99.69810716997797,Equal-weighted,2015-01-01
Non-AI / Control Group,2016-10-31,99.3975109668518,Equal-weighted,2015-01-01
Non-AI / Control Group,2016-11-30,98.41942647332121,Equal-weighted,2015-01-01
Non-AI / Control Group,2016-12-25,100.04550230718522,Equal-weighted,2015-01-01
Non-AI / Control Group,2016-12-30,100.08350297920775,Equal-weighted,2015-01-01
Non-AI / Control Group,2016-12-31,98.17655213568717,Equal-weighted,2015-01-01
Non-AI / Control Group,2017-01-31,99.32801490998952,Equal-weighted,2015-01-01
Non-AI / Control Group,2017-03-02,99.99999999999999,Equal-weighted,2015-01-01
Non-AI / Control Group,2017-03-26,100.0,Equal-weighted,2015-01-01
Non-AI / Control Group,2017-03-31,96.57027503054019,Equal-weighted,2015-01-01
Non-AI / Control Group,2017-04-01,100.0,Equal-weighted,2015-01-01
Non-AI / Control Group,2017-04-02,100.02703275747153,Equal-weighted,2015-01-01
Non-AI / Control Group,2017-04-30,99.06155090812267,Equal-weighted,2015-01-01
Non-AI / Control Group,2017-06-01,99.8638996138996,Equal-weighted,2015-01-01
Non-AI / Control Group,2017-06-25,90.11942809464394,Equal-weighted,2015-01-01
Non-AI / Control Group,2017-06-30,91.99872400987401,Equal-weighted,2015-01-01
Non-AI / Control Group,2017-07-28,100.1529996499331,Equal-weighted,2015-01-01
Non-AI / Control Group,2017-07-29,100.13811845205454,Equal-weighted,2015-01-01
Non-AI / Control Group,2017-07-30,100.22318081085164,Equal-weighted,2015-01-01
Non-AI / Control Group,2017-07-31,98.70899005034777,Equal-weighted,2015-01-01
Non-AI / Control Group,2017-09-24,100.04535120643433,Equal-weighted,2015-01-01
Non-AI / Control Group,2017-09-29,100.15129956573851,Equal-weighted,2015-01-01
Non-AI / Control Group,2017-09-30,98.78174850375775,Equal-weighted,2015-01-01
Non-AI / Control Group,2017-10-28,99.32524255912062,Equal-weighted,2015-01-01
Non-AI / Control Group,2017-10-31,99.76608391446891,Equal-weighted,2015-01-01
Non-AI / Control Group,2017-11-30,99.9609747695604,Equal-weighted,2015-01-01
Non-AI / Control Group,2017-12-24,100.14859727656541,Equal-weighted,2015-01-01
Non-AI / Control Group,2017-12-29,100.23221127321779,Equal-weighted,2015-01-01
Non-AI / Control Group,2017-12-30,100.18182222977521,Equal-weighted,2015-01-01
Non-AI / Control Group,2017-12-31,98.39453742501807,Equal-weighted,2015-01-01
Non-AI / Control Group,2018-01-27,99.64207538032186,Equal-weighted,2015-01-01
Non-AI / Control Group,2018-01-31,99.18348035095823,Equal-weighted,2015-01-01
Non-AI / Control Group,2018-02-28,96.80238607804102,Equal-weighted,2015-01-01
Non-AI / Control Group,2018-03-01,95.85792008632393,Equal-weighted,2015-01-01
Non-AI / Control Group,2018-03-31,98.59256133513564,Equal-weighted,2015-01-01
Non-AI / Control Group,2018-04-01,99.99580245980506,Equal-weighted,2015-01-01
Non-AI / Control Group,2018-04-27,100.0,Equal-weighted,2015-01-01
Non-AI / Control Group,2018-04-28,100.06684142715561,Equal-weighted,2015-01-01
Non-AI / Control Group,2018-04-29,100.09069823637073,Equal-weighted,2015-01-01
Non-AI / Control Group,2018-04-30,98.09531916877066,Equal-weighted,2015-01-01
Non-AI / Control Group,2018-05-05,100.06292550393984,Equal-weighted,2015-01-01
Non-AI / Control Group,2018-06-24,98.46853755676854,Equal-weighted,2015-01-01
Non-AI / Control Group,2018-06-29,98.52602144717167,Equal-weighted,2015-01-01
Non-AI / Control Group,2018-06-30,98.1240789555762,Equal-weighted,2015-01-01
Non-AI / Control Group,2018-07-01,100.06420495254902,Equal-weighted,2015-01-01
Non-AI / Control Group,2018-07-28,98.84282839589788,Equal-weighted,2015-01-01
Non-AI / Control Group,2018-07-31,98.41123327290529,Equal-weighted,2015-01-01
Non-AI / Control Group,2018-08-04,100.0,Equal-weighted,2015-01-01
Non-AI / Control Group,2018-08-30,99.99999999999999,Equal-weighted,2015-01-01
Non-AI / Control Group,2018-08-31,100.02843644452025,Equal-weighted,2015-01-01
Non-AI / Control Group,2018-09-29,99.35338837527031,Equal-weighted,2015-01-01
Non-AI / Control Group,2018-09-30,98.02588604088045,Equal-weighted,2015-01-01
Non-AI / Control Group,2018-10-27,99.63058656348535,Equal-weighted,2015-01-01
Non-AI / Control Group,2018-10-31,99.78800605495222,Equal-weighted,2015-01-01
Non-AI / Control Group,2018-11-03,100.0,Equal-weighted,2015-01-01
Non-AI / Control Group,2018-12-28,99.99571231085301,Equal-weighted,2015-01-01
Non-AI / Control Group,2018-12-29,99.85668208247245,Equal-weighted,2015-01-01
Non-AI / Control Group,2018-12-30,99.73606847742711,Equal-weighted,2015-01-01
Non-AI / Control Group,2018-12-31,96.30131721906504,Equal-weighted,2015-01-01
Non-AI / Control Group,2019-01-26,100.0,Equal-weighted,2015-01-01
Non-AI / Control Group,2019-01-31,99.34550205200397,Equal-weighted,2015-01-01
Non-AI / Control Group,2019-03-26,100.0,Equal-weighted,2015-01-01
Non-AI / Control Group,2019-03-29,100.0,Equal-weighted,2015-01-01
Non-AI / Control Group,2019-03-30,99.95023108724725,Equal-weighted,2015-01-01
Non-AI / Control Group,2019-03-31,97.84435813162297,Equal-weighted,2015-01-01
Non-AI / Control Group,2019-04-30,99.62300239095339,Equal-weighted,2015-01-01
Non-AI / Control Group,2019-05-04,99.77572021422874,Equal-weighted,2015-01-01
Non-AI / Control Group,2019-06-28,100.0,Equal-weighted,2015-01-01
Non-AI / Control Group,2019-06-29,100.02698765634273,Equal-weighted,2015-01-01
Non-AI / Control Group,2019-06-30,96.12245444021244,Equal-weighted,2015-01-01
Non-AI / Control Group,2019-07-31,99.0610207095891,Equal-weighted,2015-01-01
Non-AI / Control Group,2019-08-03,99.8295247167566,Equal-weighted,2015-01-01
Non-AI / Control Group,2019-08-29,96.17745435688498,Equal-weighted,2015-01-01
Non-AI / Control Group,2019-08-31,96.23223423574419,Equal-weighted,2015-01-01
Non-AI / Control Group,2019-09-28,100.08249351506429,Equal-weighted,2015-01-01
Non-AI / Control Group,2019-09-29,100.33244887130218,Equal-weighted,2015-01-01
Non-AI / Control Group,2019-09-30,98.4487673632804,Equal-weighted,2015-01-01
Non-AI / Control Group,2019-10-04,100.12234246575342,Equal-weighted,2015-01-01
Non-AI / Control Group,2019-10-31,99.04264423415084,Equal-weighted,2015-01-01
Non-AI / Control Group,2019-11-02,91.08963461671067,Equal-weighted,2015-01-01
Non-AI / Control Group,2019-12-31,98.66048597541445,Equal-weighted,2015-01-01
Non-AI / Control Group,2020-01-03,99.08573369284649,Equal-weighted,2015-01-01
Non-AI / Control Group,2020-01-25,96.52498303541772,Equal-weighted,2015-01-01
Non-AI / Control Group,2020-01-31,99.48034489264694,Equal-weighted,2015-01-01
Non-AI / Control Group,2020-02-01,99.99999999999999,Equal-weighted,2015-01-01
Non-AI / Control Group,2020-02-02,99.91749320893123,Equal-weighted,2015-01-01
Non-AI / Control Group,2020-03-26,100.12234246575342,Equal-weighted,2015-01-01
Non-AI / Control Group,2020-03-31,96.23341219913678,Equal-weighted,2015-01-01
Non-AI / Control Group,2020-04-03,96.91515323524783,Equal-weighted,2015-01-01
Non-AI / Control Group,2020-04-30,99.04661269814564,Equal-weighted,2015-01-01
Non-AI / Control Group,2020-05-02,99.86594044802992,Equal-weighted,2015-01-01
Non-AI / Control Group,2020-05-03,99.79429361482188,Equal-weighted,2015-01-01
Non-AI / Control Group,2020-06-27,99.84848391902092,Equal-weighted,2015-01-01
Non-AI / Control Group,2020-06-28,100.01463296639322,Equal-weighted,2015-01-01
Non-AI / Control Group,2020-06-30,97.83565902722637,Equal-weighted,2015-01-01
Non-AI / Control Group,2020-07-31,96.75823919368628,Equal-weighted,2015-01-01
Non-AI / Control Group,2020-08-01,97.342009823062,Equal-weighted,2015-01-01
Non-AI / Control Group,2020-08-02,97.2897127703747,Equal-weighted,2015-01-01
Non-AI / Control Group,2020-08-31,98.30148287943969,Equal-weighted,2015-01-01
Non-AI / Control Group,2020-09-03,99.9973404255319,Equal-weighted,2015-01-01
Non-AI / Control Group,2020-09-23,96.69771400250337,Equal-weighted,2015-01-01
Non-AI / Control Group,2020-09-26,97.39568124177424,Equal-weighted,2015-01-01
Non-AI / Control Group,2020-09-27,97.90379364591502,Equal-weighted,2015-01-01
Non-AI / Control Group,2020-09-30,94.75634383450455,Equal-weighted,2015-01-01
Non-AI / Control Group,2020-10-24,100.11351177705527,Equal-weighted,2015-01-01
Non-AI / Control Group,2020-10-25,100.09507339532313,Equal-weighted,2015-01-01
Non-AI / Control Group,2020-10-30,100.1900110276486,Equal-weighted,2015-01-01
Non-AI / Control Group,2020-10-31,98.2108827849176,Equal-weighted,2015-01-01
Non-AI / Control Group,2020-11-01,94.75128126444207,Equal-weighted,2015-01-01
Non-AI / Control Group,2020-12-03,100.0,Equal-weighted,2015-01-01
Non-AI / Control Group,2020-12-24,95.15738434385831,Equal-weighted,2015-01-01
Non-AI / Control Group,2020-12-26,97.29336547480774,Equal-weighted,2015-01-01
Non-AI / Control Group,2020-12-27,96.26535073959178,Equal-weighted,2015-01-01
Non-AI / Control Group,2020-12-31,90.39456961540823,Equal-weighted,2015-01-01
Non-AI / Control Group,2021-01-02,85.45179425600011,Equal-weighted,2015-01-01
Non-AI / Control Group,2021-01-30,99.46379031350727,Equal-weighted,2015-01-01
Non-AI / Control Group,2021-01-31,99.26663458862211,Equal-weighted,2015-01-01
Non-AI / Control Group,2021-03-27,97.26597952472349,Equal-weighted,2015-01-01
Non-AI / Control Group,2021-03-28,98.67161764959741,Equal-weighted,2015-01-01
Non-AI / Control Group,2021-03-31,89.90460074770586,Equal-weighted,2015-01-01
Non-AI / Control Group,2021-04-30,87.66406390882223,Equal-weighted,2015-01-01
Non-AI / Control Group,2021-05-01,99.0948273473394,Equal-weighted,2015-01-01
Non-AI / Control Group,2021-05-02,99.02730216383603,Equal-weighted,2015-01-01
Non-AI / Control Group,2021-05-31,97.72059102620281,Equal-weighted,2015-01-01
Non-AI / Control Group,2021-06-26,100.03534267040149,Equal-weighted,2015-01-01
Non-AI / Control Group,2021-06-27,100.08442726871708,Equal-weighted,2015-01-01
Non-AI / Control Group,2021-06-30,84.38487386222484,Equal-weighted,2015-01-01
Non-AI / Control Group,2021-07-31,75.14557280476002,Equal-weighted,2015-01-01
Non-AI / Control Group,2021-09-30,94.76912684983894,Equal-weighted,2015-01-01
Non-AI / Control Group,2021-10-01,68.0581287107282,Equal-weighted,2015-01-01
Non-AI / Control Group,2021-10-02,68.06167730397964,Equal-weighted,2015-01-01
Non-AI / Control Group,2021-10-03,68.08133143695235,Equal-weighted,2015-01-01
Non-AI / Control Group,2021-10-30,99.54646597961397,Equal-weighted,2015-01-01
Non-AI / Control Group,2021-10-31,93.43562452871566,Equal-weighted,2015-01-01
Non-AI / Control Group,2021-12-02,99.79968778214635,Equal-weighted,2015-01-01
Non-AI / Control Group,2021-12-25,99.85653794495947,Equal-weighted,2015-01-01
Non-AI / Control Group,2021-12-26,100.06091435593159,Equal-weighted,2015-01-01
Non-AI / Control Group,2021-12-31,81.85981981860857,Equal-weighted,2015-01-01
Non-AI / Control Group,2022-01-29,100.17372830259953,Equal-weighted,2015-01-01
Non-AI / Control Group,2022-01-31,97.6610011618102,Equal-weighted,2015-01-01
Non-AI / Control Group,2022-03-03,99.23571545200221,Equal-weighted,2015-01-01
Non-AI / Control Group,2022-03-26,92.41180385854142,Equal-weighted,2015-01-01
Non-AI / Control Group,2022-03-27,96.79992892456231,Equal-weighted,2015-01-01
Non-AI / Control Group,2022-03-31,88.02368927850634,Equal-weighted,2015-01-01
Non-AI / Control Group,2022-04-01,91.17552407092077,Equal-weighted,2015-01-01
Non-AI / Control Group,2022-04-02,91.20692526511058,Equal-weighted,2015-01-01
Non-AI / Control Group,2022-04-03,91.27425072510451,Equal-weighted,2015-01-01
Non-AI / Control Group,2022-04-30,99.24986382119612,Equal-weighted,2015-01-01
Non-AI / Control Group,2022-05-31,100.04249200952057,Equal-weighted,2015-01-01
Non-AI / Control Group,2022-06-02,100.0,Equal-weighted,2015-01-01
Non-AI / Control Group,2022-06-25,99.62047702063504,Equal-weighted,2015-01-01
Non-AI / Control Group,2022-06-26,100.03160698689956,Equal-weighted,2015-01-01
Non-AI / Control Group,2022-06-30,97.27593970049858,Equal-weighted,2015-01-01
Non-AI / Control Group,2022-07-01,100.09597383942321,Equal-weighted,2015-01-01
Non-AI / Control Group,2022-07-02,100.08763519199366,Equal-weighted,2015-01-01
Non-AI / Control Group,2022-07-03,100.08081168526887,Equal-weighted,2015-01-01
Non-AI / Control Group,2022-07-29,90.12465548315608,Equal-weighted,2015-01-01
Non-AI / Control Group,2022-07-30,40.2557805060135,Equal-weighted,2015-01-01
Non-AI / Control Group,2022-07-31,91.16910625661976,Equal-weighted,2015-01-01
Non-AI / Control Group,2022-09-01,99.61574129378704,Equal-weighted,2015-01-01
Non-AI / Control Group,2022-09-24,87.84382961699153,Equal-weighted,2015-01-01
Non-AI / Control Group,2022-09-30,98.62130373795358,Equal-weighted,2015-01-01
Non-AI / Control Group,2022-10-01,98.02069629192171,Equal-weighted,2015-01-01
Non-AI / Control Group,2022-10-02,94.07614667381628,Equal-weighted,2015-01-01
Non-AI / Control Group,2022-10-28,100.2420523926171,Equal-weighted,2015-01-01
Non-AI / Control Group,2022-10-29,100.25289029461199,Equal-weighted,2015-01-01
Non-AI / Control Group,2022-10-30,100.29149211446267,Equal-weighted,2015-01-01
Non-AI / Control Group,2022-10-31,89.49522841538037,Equal-weighted,2015-01-01
Non-AI / Control Group,2022-11-06,98.25220781196506,Equal-weighted,2015-01-01
Non-AI / Control Group,2022-11-30,100.06446350187468,Equal-weighted,2015-01-01
Non-AI / Control Group,2022-12-24,58.28577810664929,Equal-weighted,2015-01-01
Non-AI / Control Group,2022-12-25,100.0,Equal-weighted,2015-01-01
Non-AI / Control Group,2022-12-30,100.13744444444444,Equal-weighted,2015-01-01
Non-AI / Control Group,2022-12-31,98.46090852974365,Equal-weighted,2015-01-01
Non-AI / Control Group,2023-01-28,99.37218627089618,Equal-weighted,2015-01-01
Non-AI / Control Group,2023-01-31,99.40334620041321,Equal-weighted,2015-01-01
Non-AI / Control Group,2023-02-05,96.8501732396225,Equal-weighted,2015-01-01
Non-AI / Control Group,2023-03-02,97.75215370856561,Equal-weighted,2015-01-01
Non-AI / Control Group,2023-03-25,66.77901293631216,Equal-weighted,2015-01-01
Non-AI / Control Group,2023-03-26,99.65450405066242,Equal-weighted,2015-01-01
Non-AI / Control Group,2023-03-31,96.93250757985787,Equal-weighted,2015-01-01
Non-AI / Control Group,2023-04-01,96.09624271419398,Equal-weighted,2015-01-01
Non-AI / Control Group,2023-04-02,96.04759065413668,Equal-weighted,2015-01-01
Non-AI / Control Group,2023-04-28,100.35926179166826,Equal-weighted,2015-01-01
Non-AI / Control Group,2023-04-29,100.40367857726102,Equal-weighted,2015-01-01
Non-AI / Control Group,2023-04-30,95.25345734510051,Equal-weighted,2015-01-01
Non-AI / Control Group,2023-06-01,100.0310856378234,Equal-weighted,2015-01-01
Non-AI / Control Group,2023-06-24,58.0475380942053,Equal-weighted,2015-01-01
Non-AI / Control Group,2023-06-30,95.03606758974607,Equal-weighted,2015-01-01
Non-AI / Control Group,2023-07-01,91.29447727444206,Equal-weighted,2015-01-01
Non-AI / Control Group,2023-07-02,91.34135974876385,Equal-weighted,2015-01-01
Non-AI / Control Group,2023-07-29,87.93494106161972,Equal-weighted,2015-01-01
Non-AI / Control Group,2023-07-31,99.11516579431043,Equal-weighted,2015-01-01
Non-AI / Control Group,2023-08-06,68.78865773668053,Equal-weighted,2015-01-01
Non-AI / Control Group,2023-09-24,99.8090661244708,Equal-weighted,2015-01-01
Non-AI / Control Group,2023-09-29,99.86049155758826,Equal-weighted,2015-01-01
Non-AI / Control Group,2023-09-30,99.0556558802915,Equal-weighted,2015-01-01
Non-AI / Control Group,2023-10-01,85.47649190058743,Equal-weighted,2015-01-01
Non-AI / Control Group,2023-10-31,95.89227588598777,Equal-weighted,2015-01-01
Non-AI / Control Group,2023-12-30,93.51637476951667,Equal-weighted,2015-01-01
Non-AI / Control Group,2023-12-31,-20.49964059624985,Equal-weighted,2015-01-01
Non-AI / Control Group,2024-01-27,87.94265577116987,Equal-weighted,2015-01-01
Non-AI / Control Group,2024-01-31,-57.34791016841603,Equal-weighted,2015-01-01
Non-AI / Control Group,2024-02-03,100.16495072820885,Equal-weighted,2015-01-01
Non-AI / Control Group,2024-02-04,100.05984182528378,Equal-weighted,2015-01-01
Non-AI / Control Group,2024-02-29,85.47347720224808,Equal-weighted,2015-01-01
Non-AI / Control Group,2024-03-24,82.33817605541743,Equal-weighted,2015-01-01
Non-AI / Control Group,2024-03-29,82.33901137024698,Equal-weighted,2015-01-01
Non-AI / Control Group,2024-03-30,87.83275986657675,Equal-weighted,2015-01-01
Non-AI / Control Group,2024-03-31,83.05830048759181,Equal-weighted,2015-01-01
Non-AI / Control Group,2024-04-26,96.10069574653141,Equal-weighted,2015-01-01
Non-AI / Control Group,2024-04-27,96.14410005833537,Equal-weighted,2015-01-01
Non-AI / Control Group,2024-04-28,96.14448617921913,Equal-weighted,2015-01-01
Non-AI / Control Group,2024-04-30,95.67643568128557,Equal-weighted,2015-01-01
Non-AI / Control Group,2024-05-30,99.97749177330894,Equal-weighted,2015-01-01
Non-AI / Control Group,2024-05-31,99.96539948429293,Equal-weighted,2015-01-01
Non-AI / Control Group,2024-06-29,99.15919649825395,Equal-weighted,2015-01-01
Non-AI / Control Group,2024-06-30,95.82759555458836,Equal-weighted,2015-01-01
Non-AI / Control Group,2024-07-27,87.87201739661981,Equal-weighted,2015-01-01
Non-AI / Control Group,2024-07-31,100.00338028169014,Equal-weighted,2015-01-01
Non-AI / Control Group,2024-08-03,92.54079859628872,Equal-weighted,2015-01-01
Non-AI / Control Group,2024-08-04,92.42709791293544,Equal-weighted,2015-01-01
Non-AI / Control Group,2024-08-29,85.42241096900719,Equal-weighted,2015-01-01
Non-AI / Control Group,2024-08-31,85.41271810692788,Equal-weighted,2015-01-01
Non-AI / Control Group,2024-09-28,99.13643733200246,Equal-weighted,2015-01-01
Non-AI / Control Group,2024-09-29,99.09476472892162,Equal-weighted,2015-01-01
Non-AI / Control Group,2024-09-30,88.71832903638705,Equal-weighted,2015-01-01
Non-AI / Control Group,2024-10-26,96.91885954654718,Equal-weighted,2015-01-01
Non-AI / Control Group,2024-11-28,99.95042292524643,Equal-weighted,2015-01-01
Non-AI / Control Group,2024-11-30,99.93367575164551,Equal-weighted,2015-01-01
Non-AI / Control Group,2024-12-28,96.66562218277878,Equal-weighted,2015-01-01
Non-AI / Control Group,2024-12-29,96.52762250699783,Equal-weighted,2015-01-01
Non-AI / Control Group,2024-12-31,96.02785672234626,Equal-weighted,2015-01-01
Non-AI / Control Group,2025-01-31,99.93485602632661,Equal-weighted,2015-01-01
Non-AI / Control Group,2025-03-29,99.0175412692298,Equal-weighted,2015-01-01
Non-AI / Control Group,2025-03-30,99.02847974907485,Equal-weighted,2015-01-01
Non-AI / Control Group,2025-03-31,79.24201963405969,Equal-weighted,2015-01-01
Non-AI / Control Group,2025-04-25,99.9857724354708,Equal-weighted,2015-01-01
Non-AI / Control Group,2025-04-26,100.02805213352923,Equal-weighted,2015-01-01
Non-AI / Control Group,2025-04-27,100.03926459899539,Equal-weighted,2015-01-01
Non-AI / Control Group,2025-04-30,100.01855860144623,Equal-weighted,2015-01-01
Non-AI / Control Group,2025-05-03,80.37267738417367,Equal-weighted,2015-01-01
Non-AI / Control Group,2025-05-04,80.36283600471971,Equal-weighted,2015-01-01
Non-AI / Control Group,2025-05-29,100.06553205437262,Equal-weighted,2015-01-01
Non-AI / Control Group,2025-05-31,100.05211074932862,Equal-weighted,2015-01-01
Non-AI / Control Group,2025-06-27,99.0322491459692,Equal-weighted,2015-01-01
Non-AI / Control Group,2025-06-28,99.04273083351984,Equal-weighted,2015-01-01
Non-AI / Control Group,2025-06-29,99.11056986665085,Equal-weighted,2015-01-01
Non-AI / Control Group,2025-06-30,95.15721781524898,Equal-weighted,2015-01-01
Non-AI / Control Group,2025-07-31,58.04442078718497,Equal-weighted,2015-01-01
Non-AI / Control Group,2025-08-28,100.04529723907399,Equal-weighted,2015-01-01
Non-AI / Control Group,2025-08-31,100.03173589294694,Equal-weighted,2015-01-01
Non-AI / Control Group,2025-09-30,93.20248627702544,Equal-weighted,2015-01-01
Pure-Play AI,2015-08-29,100.0,Equal-weighted,2015-01-01
Pure-Play AI,2015-08-31,100.04490325417765,Equal-weighted,2015-01-01
Pure-Play AI,2018-07-01,100.10476250539722,Equal-weighted,2015-01-01
Pure-Play AI,2019-02-02,99.91399268793316,Equal-weighted,2015-01-01
Pure-Play AI,2019-04-30,100.0,Equal-weighted,2015-01-01
Pure-Play AI,2020-01-31,100.0,Equal-weighted,2015-01-01
Pure-Play AI,2020-04-30,100.0,Equal-weighted,2015-01-01
Pure-Play AI,2020-07-31,100.0,Equal-weighted,2015-01-01
Pure-Play AI,2020-10-31,99.31815446347616,Equal-weighted,2015-01-01
Pure-Play AI,2021-01-22,100.0,Equal-weighted,2015-01-01
Pure-Play AI,2021-01-31,97.93330066190279,Equal-weighted,2015-01-01
Pure-Play AI,2021-02-28,100.04984179150107,Equal-weighted,2015-01-01
Pure-Play AI,2021-03-31,100.0,Equal-weighted,2015-01-01
Pure-Play AI,2021-04-30,97.01744595645806,Equal-weighted,2015-01-01
Pure-Play AI,2021-06-30,100.0,Equal-weighted,2015-01-01
Pure-Play AI,2021-07-31,94.7513295357712,Equal-weighted,2015-01-01
Pure-Play AI,2021-09-30,100.0,Equal-weighted,2015-01-01
Pure-Play AI,2021-10-31,92.56695018958365,Equal-weighted,2015-01-01
Pure-Play AI,2021-12-31,99.98559226666667,Equal-weighted,2015-01-01
Pure-Play AI,2022-01-31,92.14426097103348,Equal-weighted,2015-01-01
Pure-Play AI,2022-03-31,97.62255303194719,Equal-weighted,2015-01-01
Pure-Play AI,2022-04-30,91.44121272375291,Equal-weighted,2015-01-01
Pure-Play AI,2022-05-01,100.0,Equal-weighted,2015-01-01
Pure-Play AI,2022-05-08,99.94466541338632,Equal-weighted,2015-01-01
Pure-Play AI,2022-06-30,98.4163269852265,Equal-weighted,2015-01-01
Pure-Play AI,2022-07-31,91.39925834422804,Equal-weighted,2015-01-01
Pure-Play AI,2022-09-30,99.15325318706732,Equal-weighted,2015-01-01
Pure-Play AI,2022-10-31,91.35406352271147,Equal-weighted,2015-01-01
Pure-Play AI,2022-12-31,98.40005834023718,Equal-weighted,2015-01-01
Pure-Play AI,2023-01-01,100.12491093353083,Equal-weighted,2015-01-01
Pure-Play AI,2023-01-27,100.0,Equal-weighted,2015-01-01
Pure-Play AI,2023-01-28,100.04903968579808,Equal-weighted,2015-01-01
Pure-Play AI,2023-01-29,100.07326312145003,Equal-weighted,2015-01-01
Pure-Play AI,2023-01-31,99.31029000959295,Equal-weighted,2015-01-01
Pure-Play AI,2023-03-31,98.84305573222929,Equal-weighted,2015-01-01
Pure-Play AI,2023-04-01,99.8986275550515,Equal-weighted,2015-01-01
Pure-Play AI,2023-04-02,99.97152127040628,Equal-weighted,2015-01-01
Pure-Play AI,2023-04-30,91.24732388006359,Equal-weighted,2015-01-01
Pure-Play AI,2023-06-30,96.87034192441425,Equal-weighted,2015-01-01
Pure-Play AI,2023-07-31,91.17183529918942,Equal-weighted,2015-01-01
Pure-Play AI,2023-09-30,95.71898183056396,Equal-weighted,2015-01-01
Pure-Play AI,2023-10-01,100.15844507096612,Equal-weighted,2015-01-01
Pure-Play AI,2023-10-31,91.0899384119759,Equal-weighted,2015-01-01
Pure-Play AI,2023-12-31,95.21824728298331,Equal-weighted,2015-01-01
Pure-Play AI,2024-01-31,91.00972727823722,Equal-weighted,2015-01-01
Pure-Play AI,2024-03-31,95.21463929036604,Equal-weighted,2015-01-01
Pure-Play AI,2024-04-30,90.93005937508862,Equal-weighted,2015-01-01
Pure-Play AI,2024-06-30,94.90326069439728,Equal-weighted,2015-01-01
Pure-Play AI,2024-07-31,90.85697324235552,Equal-weighted,2015-01-01
Pure-Play AI,2024-09-30,94.37767254910725,Equal-weighted,2015-01-01
Pure-Play AI,2024-10-31,90.78642003379842,Equal-weighted,2015-01-01
Pure-Play AI,2024-12-27,99.9383913750599,Equal-weighted,2015-01-01
Pure-Play AI,2024-12-28,99.94532951790161,Equal-weighted,2015-01-01
Pure-Play AI,2024-12-29,99.98026473278439,Equal-weighted,2015-01-01
Pure-Play AI,2024-12-31,97.35981706963737,Equal-weighted,2015-01-01
Pure-Play AI,2025-01-24,90.81385388280958,Equal-weighted,2015-01-01
Pure-Play AI,2025-01-25,90.85262713977622,Equal-weighted,2015-01-01
Pure-Play AI,2025-01-26,90.86118783238963,Equal-weighted,2015-01-01
Pure-Play AI,2025-01-31,90.83802774909996,Equal-weighted,2015-01-01
Pure-Play AI,2025-02-27,99.99999999999999,Equal-weighted,2015-01-01
Pure-Play AI,2025-02-28,99.9845982061885,Equal-weighted,2015-01-01
Pure-Play AI,2025-03-31,93.3939091194511,Equal-weighted,2015-01-01
Pure-Play AI,2025-04-30,90.57205352743351,Equal-weighted,2015-01-01
Pure-Play AI,2025-06-30,93.34450342873124,Equal-weighted,2015-01-01
Pure-Play AI,2025-07-31,90.49671390489922,Equal-weighted,2015-01-01
